{
    "furkan" : {
        "fullName" : "Furkan Gulsen",
        "image" : "https://i.pinimg.com/originals/d1/1a/45/d11a452f5ce6ab534e083cdc11e8035e.png",
        "id" : 1,
        "age" : 21,
        "from" : "TURKEY",
        "job" : "Software Engineer"
    },
    "Jacob" : {
        "fullName" : "Jacob Allen",
        "image" : "https://i.pinimg.com/originals/d1/1a/45/d11a452f5ce6ab534e083cdc11e8035e.png",
        "id" : 2,
        "age" : 28,
        "from" : "FRANCE",
        "job" : "Math Engineer"
    },
    "maria" : {
        "fullName" : "Maria Quenn",
        "image" : "https://encrypted-tbn0.gstatic.com/images?q=tbn:ANd9GcRMihDVsW4ZtPNVa-Ru5LHIPwUFLlDqpqPtgVwT4uXuZyTIH-ub",
        "id" : 3,
        "age" : 32,
        "from" : "ITALY",
        "job" : "Computer Engineer"
    },
    "jack" : {
        "fullName" : "Jack Jones",
        "image" : "https://i.pinimg.com/originals/d1/1a/45/d11a452f5ce6ab534e083cdc11e8035e.png",
        "id" : 4,
        "age" : 26,
        "from" : "CANADA",
        "job" : "industrial engineer"
    },
    "harry" : {
        "fullName" : "Harry Williams",
        "image" : "https://i.pinimg.com/originals/d1/1a/45/d11a452f5ce6ab534e083cdc11e8035e.png",
        "id" : 5,
        "age" : 34,
        "from" : "USA",
        "job" : "architect"
    },
    "charlie" : {
        "fullName" : "Charlie Brown",
        "image" : "https://i.pinimg.com/originals/d1/1a/45/d11a452f5ce6ab534e083cdc11e8035e.png",
        "id" : 6,
        "age" : 23,
        "from" : "GERMANY",
        "job" : "designer"
    },
    "emily" : {
        "fullName" : "Emily Taylor",
        "image" : "https://encrypted-tbn0.gstatic.com/images?q=tbn:ANd9GcRMihDVsW4ZtPNVa-Ru5LHIPwUFLlDqpqPtgVwT4uXuZyTIH-ub",
        "id" : 7,
        "age" : 36,
        "from" : "CHINA",
        "job" : "electrical engineer"
    },
    "ava" : {
        "fullName" : "Ava Davies",
        "image" : "https://encrypted-tbn0.gstatic.com/images?q=tbn:ANd9GcRMihDVsW4ZtPNVa-Ru5LHIPwUFLlDqpqPtgVwT4uXuZyTIH-ub",
        "id" : 8,
        "age" : 25,
        "from" : "TURKEY",
        "job" : "construction engineer"
    },
    "jessica" : {
        "fullName" : "Jessica Wilson",
        "image" : "https://encrypted-tbn0.gstatic.com/images?q=tbn:ANd9GcRMihDVsW4ZtPNVa-Ru5LHIPwUFLlDqpqPtgVwT4uXuZyTIH-ub",
        "id" : 9,
        "age" : 27,
        "from" : "FRANCE",
        "job" : "Cyber security expert"
    },
    "isabella" : {
        "fullName" : "Isabella Evans",
        "image" : "https://encrypted-tbn0.gstatic.com/images?q=tbn:ANd9GcRMihDVsW4ZtPNVa-Ru5LHIPwUFLlDqpqPtgVwT4uXuZyTIH-ub",
        "id" : 10,
        "age" : 29,
        "from" : "RUSSIA",
        "job" : "designer"
    }
}